ingresos_mensuales,boletas_emitidas,morosidad,régimen_tributario,tamaño_empresa,riesgo
1748357,28,2,14D3,Pequeña,medio
1430867,27,0,ProPyme,Mediana,medio
1823844,30,2,14D3,Pequeña,medio
2261514,20,1,General,Micro,medio
1382923,35,5,ProPyme,Mediana,medio
1382931,18,2,14D3,Micro,bajo
2289606,28,0,General,Mediana,alto
1883717,25,0,General,Pequeña,bajo
1265262,28,1,ProPyme,Micro,alto
1771280,27,0,14D3,Mediana,medio
1268291,25,3,ProPyme,Pequeña,alto
1267135,28,5,ProPyme,Mediana,medio
1620981,30,5,14D3,Micro,bajo
543359,31,5,14D3,Micro,alto
637541,20,4,14D3,Micro,bajo
1218856,25,2,General,Micro,bajo
993584,31,3,General,Pequeña,bajo
1657123,23,2,14D3,Mediana,alto
1045987,26,3,General,Pequeña,medio
793848,26,2,ProPyme,Micro,medio
2232824,32,1,14D3,Mediana,medio
1387111,34,0,ProPyme,Micro,medio
1533764,17,0,14D3,Pequeña,alto
787625,33,1,ProPyme,Pequeña,medio
1227808,36,3,14D3,Pequeña,alto
1555461,26,4,ProPyme,Mediana,bajo
924503,27,3,14D3,Mediana,bajo
1687849,28,0,14D3,Micro,medio
1199680,36,4,General,Mediana,medio
1354153,29,2,ProPyme,Mediana,medio
1199146,28,4,General,Pequeña,medio
2426139,21,3,ProPyme,Micro,bajo
1493251,30,1,General,Pequeña,medio
971144,32,2,14D3,Micro,medio
1911272,34,3,General,Micro,bajo
889578,42,2,General,Mediana,medio
1604431,27,4,14D3,Pequeña,bajo
520164,35,0,General,Mediana,medio
835906,17,3,14D3,Mediana,bajo
1598430,43,1,ProPyme,Mediana,alto
1869233,29,4,General,Micro,medio
1585684,25,3,14D3,Pequeña,bajo
1442175,28,1,14D3,Pequeña,medio
1349448,35,3,General,Mediana,alto
760739,25,4,ProPyme,Micro,medio
1140077,29,3,General,Pequeña,alto
1269680,25,2,14D3,Pequeña,bajo
2028561,32,4,ProPyme,Mediana,alto
1671809,23,3,General,Micro,medio
618479,34,0,14D3,Mediana,bajo
1662041,32,3,General,Pequeña,medio
1307458,34,2,ProPyme,Micro,alto
1161538,38,1,ProPyme,Mediana,alto
1805838,28,1,ProPyme,Pequeña,medio
2015499,22,1,ProPyme,Mediana,bajo
1965640,26,0,ProPyme,Mediana,medio
1080391,27,2,General,Mediana,bajo
1345393,23,4,ProPyme,Micro,bajo
1665631,30,1,ProPyme,Pequeña,medio
1987772,30,2,14D3,Pequeña,alto
1260412,33,3,ProPyme,Pequeña,medio
1407170,23,0,14D3,Pequeña,bajo
946832,22,2,14D3,Micro,medio
901896,35,2,14D3,Mediana,alto
1906262,27,4,General,Pequeña,medio
2178120,36,2,General,Micro,medio
1463994,38,4,14D3,Mediana,alto
2001766,35,0,General,Micro,alto
1680818,28,0,ProPyme,Micro,bajo
1177440,19,3,General,Pequeña,bajo
1680697,26,4,ProPyme,Pequeña,alto
2269018,34,4,ProPyme,Mediana,medio
1482086,41,1,General,Mediana,bajo
2282321,44,1,General,Pequeña,medio
190127,28,3,14D3,Micro,medio
1910951,24,0,General,Pequeña,alto
1543523,32,5,General,Mediana,bajo
1350496,31,1,General,Micro,medio
1545880,36,2,ProPyme,Micro,alto
506215,28,0,ProPyme,Micro,medio
1390164,26,5,ProPyme,Pequeña,bajo
1678556,39,2,14D3,Pequeña,alto
2238947,29,4,14D3,Mediana,medio
1240864,33,0,14D3,Micro,medio
1095753,23,3,ProPyme,Micro,medio
1249121,32,4,General,Pequeña,bajo
1957701,30,4,14D3,Mediana,alto
1664375,30,2,14D3,Mediana,medio
1235119,20,4,ProPyme,Micro,medio
1756633,35,1,14D3,Pequeña,bajo
1548538,31,0,General,Micro,medio
1984322,17,1,ProPyme,Pequeña,alto
1148973,29,2,ProPyme,Mediana,alto
1336168,37,5,General,Micro,alto
1303945,44,2,General,Micro,medio
768242,31,0,General,Micro,medio
1648060,29,4,14D3,Mediana,medio
1630527,20,3,General,Micro,alto
1502556,34,2,ProPyme,Mediana,medio
1382706,30,0,General,Pequeña,medio
792314,26,3,ProPyme,Mediana,bajo
1289677,33,4,ProPyme,Pequeña,bajo
1328642,31,5,14D3,Mediana,medio
1098861,30,2,General,Mediana,alto
1419357,40,5,14D3,Micro,bajo
1702025,32,0,General,Mediana,bajo
2443092,27,5,General,Micro,bajo
1587288,34,5,General,Pequeña,alto
1628775,29,0,General,Pequeña,medio
1462777,30,0,General,Micro,bajo
540614,22,2,ProPyme,Pequeña,medio
1486743,28,5,ProPyme,Mediana,medio
1530115,34,3,General,Micro,medio
2731621,28,0,ProPyme,Micro,medio
1403819,31,4,14D3,Micro,bajo
1650773,35,5,14D3,Pequeña,medio
1482644,31,0,14D3,Pequeña,bajo
915660,33,3,General,Mediana,bajo
2071411,22,2,General,Mediana,medio
1875966,25,5,ProPyme,Micro,bajo
1895515,15,0,ProPyme,Mediana,medio
1045306,37,0,ProPyme,Pequeña,bajo
2201397,42,4,14D3,Mediana,bajo
799074,29,4,14D3,Pequeña,alto
1793428,30,5,14D3,Mediana,medio
2595227,26,0,14D3,Pequeña,medio
1004731,38,5,ProPyme,Pequeña,alto
1216851,35,0,General,Mediana,medio
1549825,30,4,General,Mediana,alto
1248262,31,3,14D3,Pequeña,medio
724668,27,1,General,Micro,bajo
1534281,25,1,General,Mediana,bajo
968848,30,0,General,Pequeña,medio
1736796,27,4,14D3,Mediana,bajo
1040287,35,2,ProPyme,Mediana,bajo
2274967,31,2,ProPyme,Mediana,bajo
1108373,29,1,General,Mediana,bajo
1338969,23,3,ProPyme,Mediana,bajo
1906758,30,1,ProPyme,Micro,bajo
884567,27,0,14D3,Micro,bajo
1613729,25,3,14D3,Micro,bajo
2153571,25,2,General,Pequeña,medio
696258,29,4,General,Micro,bajo
1592316,27,4,General,Micro,alto
1629941,36,0,14D3,Pequeña,alto
1890911,28,1,ProPyme,Micro,medio
881524,34,0,14D3,Mediana,medio
839771,31,4,14D3,Micro,medio
1760970,20,2,ProPyme,Micro,bajo
1648492,33,4,ProPyme,Micro,alto
1625246,35,3,General,Mediana,bajo
1673224,42,5,ProPyme,Mediana,alto
1159987,26,4,ProPyme,Mediana,medio
1616126,26,4,ProPyme,Mediana,bajo
1646536,34,5,ProPyme,Pequeña,medio
1142824,30,3,General,Mediana,medio
2432887,28,1,General,Mediana,bajo
1736916,36,4,ProPyme,Mediana,medio
904348,34,0,ProPyme,Mediana,medio
1828276,39,4,General,Pequeña,medio
1012659,26,0,General,Micro,bajo
1893542,24,3,ProPyme,Micro,bajo
2079297,37,4,14D3,Mediana,alto
1089658,34,3,General,Mediana,medio
1981688,42,3,General,Mediana,medio
1706390,28,1,General,Micro,alto
1911030,35,4,ProPyme,Micro,bajo
2448396,28,0,ProPyme,Mediana,medio
1377305,36,0,General,Micro,alto
1123131,29,4,ProPyme,Pequeña,alto
1055242,33,5,ProPyme,Mediana,bajo
1092094,18,1,General,Mediana,bajo
1461449,24,1,ProPyme,Pequeña,medio
1670575,31,1,14D3,Pequeña,bajo
1638345,23,0,ProPyme,Micro,alto
1913591,24,3,ProPyme,Pequeña,bajo
1506500,26,5,General,Mediana,bajo
2226767,33,1,General,Micro,bajo
1367671,26,0,14D3,Pequeña,medio
2860084,31,0,ProPyme,Micro,alto
1812833,39,3,14D3,Micro,medio
1071421,33,4,14D3,Micro,alto
964553,31,4,General,Micro,bajo
1741236,27,1,ProPyme,Pequeña,bajo
1388268,32,1,General,Mediana,alto
1857000,34,5,14D3,Mediana,alto
1736618,20,3,14D3,Pequeña,alto
1463585,26,1,General,Mediana,alto
1076603,33,3,General,Micro,medio
742576,19,0,General,Micro,bajo
1276742,41,1,General,Micro,alto
1928199,33,0,General,Pequeña,bajo
1607046,25,2,14D3,Micro,medio
877130,34,3,General,Micro,medio
1586590,26,2,ProPyme,Pequeña,bajo
1692658,20,1,14D3,Micro,alto
1058071,22,0,14D3,Micro,bajo
1576862,34,1,ProPyme,Mediana,alto
1529104,29,2,ProPyme,Pequeña,medio
928514,28,1,14D3,Micro,medio
1678893,25,5,General,Micro,medio
1780392,26,4,14D3,Micro,bajo
2041525,32,2,14D3,Micro,medio
2026901,27,1,ProPyme,Mediana,medio
811165,32,0,14D3,Mediana,medio
1031087,32,1,General,Mediana,bajo
1757517,26,0,ProPyme,Mediana,bajo
1756892,33,4,14D3,Pequeña,bajo
1757523,27,1,14D3,Micro,medio
3426365,32,4,General,Mediana,bajo
1785445,42,2,14D3,Micro,alto
2067782,25,0,14D3,Pequeña,medio
1977000,33,5,14D3,Micro,alto
1825695,28,2,14D3,Micro,alto
1342365,31,0,General,Mediana,bajo
1879484,29,4,14D3,Mediana,alto
1113587,28,3,14D3,Pequeña,medio
1381590,24,1,14D3,Micro,alto
1257318,50,4,ProPyme,Mediana,alto
1540937,21,0,General,Mediana,bajo
2657329,39,0,ProPyme,Mediana,medio
566367,26,0,ProPyme,Pequeña,medio
1843130,34,0,General,Micro,medio
693642,31,1,ProPyme,Mediana,bajo
1264034,32,2,ProPyme,Micro,bajo
2044475,34,5,ProPyme,Pequeña,medio
1532140,25,3,General,Micro,medio
961127,34,1,14D3,Mediana,alto
1142348,26,0,General,Micro,alto
1839798,26,1,General,Micro,medio
1134816,19,4,General,Pequeña,bajo
1608229,34,5,ProPyme,Pequeña,bajo
1522785,33,0,14D3,Micro,medio
1174199,42,3,General,Micro,alto
2571972,35,0,General,Micro,medio
1816959,40,5,14D3,Pequeña,medio
487428,25,3,14D3,Pequeña,alto
1593227,34,5,14D3,Micro,alto
1169106,30,3,ProPyme,Pequeña,bajo
1926216,28,2,14D3,Mediana,bajo
1103739,31,2,ProPyme,Pequeña,bajo
1442631,26,1,General,Pequeña,medio
1752493,38,1,ProPyme,Pequeña,alto
1932877,35,3,14D3,Mediana,bajo
899851,32,0,ProPyme,Mediana,bajo
1332749,33,4,14D3,Mediana,alto
1262527,29,4,ProPyme,Micro,medio
1173335,41,0,General,Micro,alto
2382727,36,0,ProPyme,Mediana,medio
1702490,29,2,General,Micro,medio
869558,27,4,14D3,Micro,bajo
1958930,18,3,General,Micro,bajo
2561078,40,5,14D3,Mediana,medio
2016232,35,1,14D3,Pequeña,medio
740315,33,5,General,Mediana,bajo
1257882,24,2,General,Mediana,alto
2133455,20,4,ProPyme,Micro,bajo
1146165,36,0,ProPyme,Micro,medio
1721909,22,4,General,Pequeña,bajo
1887317,27,3,General,Pequeña,alto
1036534,30,2,General,Pequeña,bajo
1470237,28,0,General,Pequeña,alto
-120633,27,5,14D3,Mediana,bajo
987806,43,3,General,Pequeña,medio
1373715,28,5,General,Mediana,medio
876108,22,1,General,Micro,bajo
2316205,31,2,General,Pequeña,bajo
784929,33,3,14D3,Micro,alto
1279977,37,3,ProPyme,Micro,alto
1565370,29,5,ProPyme,Mediana,bajo
2220636,24,0,ProPyme,Pequeña,bajo
782068,24,1,ProPyme,Mediana,bajo
2081581,25,5,ProPyme,Micro,bajo
1505116,24,3,14D3,Pequeña,alto
1009245,34,2,ProPyme,Micro,medio
1731051,30,3,14D3,Micro,medio
1599529,21,4,14D3,Pequeña,alto
1199891,24,2,ProPyme,Pequeña,medio
1534901,25,2,ProPyme,Pequeña,medio
1307343,22,3,ProPyme,Mediana,bajo
1556758,30,0,General,Mediana,medio
1831065,26,2,14D3,Micro,medio
2293008,28,4,ProPyme,Pequeña,bajo
881092,32,5,General,Micro,bajo
2566516,29,0,14D3,Micro,bajo
523956,31,0,General,Micro,bajo
1424107,33,0,General,Micro,medio
1794158,30,2,ProPyme,Micro,medio
1640495,37,0,14D3,Pequeña,medio
1188650,30,3,General,Mediana,bajo
1395938,32,0,14D3,Pequeña,medio
1253499,27,4,ProPyme,Pequeña,bajo
1205317,33,1,14D3,Pequeña,medio
1924801,28,4,General,Mediana,alto
1678507,25,2,General,Mediana,bajo
1153545,29,0,14D3,Mediana,alto
1949799,35,0,General,Pequeña,alto
1653649,30,3,General,Mediana,bajo
1906431,32,5,General,Micro,bajo
1814814,26,0,ProPyme,Mediana,alto
1085502,34,4,ProPyme,Pequeña,bajo
1219909,36,2,General,Pequeña,alto
1873646,27,1,14D3,Micro,medio
1805185,29,0,ProPyme,Mediana,bajo
1489549,29,1,14D3,Mediana,bajo
1558663,28,0,General,Micro,medio
2138832,38,2,General,Pequeña,medio
1204214,20,5,14D3,Pequeña,medio
1773548,28,4,ProPyme,Mediana,alto
1398903,46,2,14D3,Mediana,alto
1391159,32,1,14D3,Mediana,bajo
2049388,28,0,General,Mediana,alto
1912708,31,1,ProPyme,Mediana,alto
1906754,25,4,14D3,Pequeña,alto
2152739,28,2,ProPyme,Pequeña,medio
1510501,28,1,General,Pequeña,alto
1840976,34,1,ProPyme,Pequeña,medio
1344866,33,4,General,Micro,bajo
1662083,25,0,ProPyme,Pequeña,alto
1434928,30,1,14D3,Micro,bajo
1548497,35,4,General,Pequeña,bajo
1797578,31,0,14D3,Mediana,alto
1090889,35,5,General,Mediana,bajo
2546193,35,0,ProPyme,Mediana,alto
996991,35,5,ProPyme,Micro,medio
892905,23,2,General,Pequeña,bajo
2079055,32,4,General,Pequeña,medio
1895831,24,0,General,Micro,alto
1812059,38,5,ProPyme,Micro,medio
1814172,39,5,General,Micro,alto
1493876,32,2,General,Micro,alto
1051372,38,3,14D3,Micro,bajo
1537902,32,4,General,Mediana,bajo
1161419,30,3,14D3,Pequeña,alto
1987559,26,0,14D3,Micro,medio
1426471,27,4,14D3,Mediana,bajo
1087251,25,2,ProPyme,Micro,alto
1339307,39,0,14D3,Mediana,alto
1706465,24,4,General,Micro,medio
1218137,33,4,ProPyme,Pequeña,medio
1088889,36,3,ProPyme,Micro,medio
1621843,35,0,ProPyme,Micro,medio
1622483,33,2,ProPyme,Pequeña,alto
1246528,41,2,ProPyme,Pequeña,alto
1264480,27,0,ProPyme,Micro,medio
1616024,24,0,ProPyme,Pequeña,alto
775957,25,5,14D3,Pequeña,alto
796268,26,1,General,Mediana,bajo
1140777,34,3,General,Pequeña,bajo
1393276,21,0,14D3,Pequeña,alto
1655453,28,0,14D3,Micro,bajo
2237678,25,1,ProPyme,Micro,bajo
1928829,27,1,ProPyme,Mediana,bajo
1420030,38,4,14D3,Micro,medio
1490491,26,2,ProPyme,Pequeña,bajo
998735,20,3,General,Pequeña,bajo
1490743,34,4,General,Pequeña,alto
1355670,25,0,ProPyme,Micro,medio
1661359,28,1,ProPyme,Pequeña,medio
1086384,35,5,ProPyme,Pequeña,bajo
1759673,27,2,General,Mediana,medio
2266369,25,4,ProPyme,Mediana,medio
1445619,35,5,14D3,Mediana,medio
1700855,34,2,ProPyme,Micro,bajo
1845071,36,5,14D3,Pequeña,medio
1299389,31,1,ProPyme,Pequeña,alto
1612046,37,4,ProPyme,Pequeña,medio
1506296,34,4,General,Mediana,medio
1548838,33,2,14D3,Pequeña,medio
1113495,25,5,14D3,Pequeña,medio
1512255,27,1,14D3,Pequeña,alto
1748999,35,0,General,Pequeña,bajo
2225571,31,4,14D3,Pequeña,medio
1979635,29,0,General,Micro,alto
2576591,33,1,ProPyme,Pequeña,alto
1116326,41,4,ProPyme,Micro,bajo
1936160,30,4,14D3,Pequeña,bajo
1591671,33,5,ProPyme,Micro,medio
2594901,26,0,ProPyme,Pequeña,alto
1095850,32,5,14D3,Pequeña,medio
1080139,24,3,ProPyme,Pequeña,medio
1200303,29,0,14D3,Pequeña,bajo
438052,36,0,14D3,Mediana,medio
1237122,32,3,ProPyme,Pequeña,medio
1120433,36,1,ProPyme,Micro,alto
1575196,44,1,ProPyme,Mediana,bajo
1670877,30,4,ProPyme,Mediana,alto
2438085,23,2,ProPyme,Pequeña,medio
1975211,31,5,General,Micro,medio
1211548,28,2,ProPyme,Micro,alto
1050792,21,4,General,Mediana,bajo
1745959,33,2,14D3,Micro,bajo
839883,24,0,ProPyme,Pequeña,alto
2415729,26,0,ProPyme,Pequeña,medio
2089720,38,3,ProPyme,Pequeña,bajo
1265412,36,3,14D3,Pequeña,medio
643432,27,4,General,Pequeña,medio
2176936,21,4,General,Mediana,alto
1442730,20,4,ProPyme,Pequeña,bajo
2118908,25,0,ProPyme,Pequeña,alto
702786,26,2,ProPyme,Mediana,bajo
1200312,24,5,ProPyme,Mediana,bajo
1502621,26,4,14D3,Mediana,bajo
1523490,27,4,ProPyme,Micro,alto
1274967,25,0,14D3,Micro,bajo
1811424,26,5,ProPyme,Pequeña,alto
966189,33,0,General,Pequeña,medio
1428810,25,5,General,Pequeña,alto
1560147,23,0,ProPyme,Micro,alto
1757219,37,2,ProPyme,Pequeña,medio
1855807,21,4,14D3,Pequeña,alto
937678,27,1,ProPyme,Micro,medio
732942,35,1,ProPyme,Mediana,alto
2138838,31,4,ProPyme,Micro,bajo
1666157,23,4,General,Pequeña,bajo
1125756,26,4,14D3,Micro,medio
2275575,21,4,General,Mediana,medio
1557837,27,5,14D3,Mediana,medio
2089648,19,2,General,Mediana,medio
1533759,29,1,ProPyme,Mediana,medio
2530373,31,3,General,Mediana,medio
2377670,27,1,General,Mediana,bajo
1375517,38,1,14D3,Pequeña,alto
1985785,24,0,14D3,Pequeña,alto
1822687,34,4,General,Micro,alto
2184315,30,4,14D3,Pequeña,medio
1017538,28,4,14D3,Mediana,medio
1843025,28,0,14D3,Pequeña,alto
2029212,29,2,14D3,Micro,alto
620630,23,2,14D3,Mediana,alto
908370,42,3,General,Pequeña,medio
480383,31,2,14D3,Pequeña,medio
1365296,30,2,ProPyme,Micro,alto
1858771,25,4,General,Mediana,bajo
2251178,28,5,General,Micro,medio
1537047,23,1,General,Mediana,alto
2314307,24,2,14D3,Mediana,medio
809949,25,2,ProPyme,Pequeña,medio
648308,36,0,14D3,Micro,medio
1472226,31,3,General,Micro,alto
1692032,28,5,General,Micro,medio
1483652,28,0,General,Mediana,alto
466278,31,4,General,Micro,medio
1455439,35,1,14D3,Mediana,medio
847765,33,3,ProPyme,Micro,medio
1834836,25,0,ProPyme,Micro,medio
1683299,26,2,General,Pequeña,medio
1030060,35,2,ProPyme,Micro,medio
1243066,34,3,General,Pequeña,bajo
970393,29,2,General,Pequeña,bajo
1468660,21,0,ProPyme,Mediana,bajo
1977571,39,0,General,Micro,alto
1007136,26,2,ProPyme,Micro,bajo
1752023,29,2,General,Micro,bajo
1234871,34,4,ProPyme,Pequeña,bajo
1103563,30,1,General,Micro,medio
1446484,35,3,ProPyme,Mediana,bajo
982378,36,0,General,Mediana,medio
1223175,27,3,General,Micro,bajo
901061,30,4,General,Pequeña,alto
2482362,18,0,ProPyme,Mediana,alto
1517631,31,4,14D3,Mediana,alto
1150137,36,4,General,Pequeña,medio
1606989,25,5,General,Mediana,medio
1443835,34,2,ProPyme,Pequeña,medio
1389515,32,5,General,Mediana,medio
1807083,24,3,General,Pequeña,medio
1878753,35,3,General,Mediana,bajo
1234749,34,2,General,Micro,alto
1212090,35,5,14D3,Mediana,bajo
1362474,33,3,14D3,Mediana,medio
349039,40,5,General,Micro,medio
742404,19,2,General,Micro,medio
2183437,36,0,General,Micro,alto
2322483,35,4,14D3,Micro,medio
1375481,27,4,14D3,Pequeña,medio
1788278,40,5,ProPyme,Pequeña,medio
1655625,32,3,ProPyme,Mediana,bajo
3039440,27,5,General,Mediana,medio
2059787,34,5,General,Mediana,alto
1436041,33,1,14D3,Pequeña,alto
1022229,27,4,General,Mediana,medio
696776,29,2,General,Mediana,bajo
1601731,27,5,14D3,Pequeña,bajo
1121824,41,1,14D3,Mediana,medio
788873,28,1,14D3,Pequeña,alto
1176713,19,4,14D3,Pequeña,medio
959225,24,4,ProPyme,Micro,alto
2343570,29,4,14D3,Micro,medio
1940819,26,2,14D3,Pequeña,bajo
1496013,33,1,General,Pequeña,bajo
2239972,34,3,General,Micro,bajo
1538684,34,2,General,Mediana,medio
1069357,33,0,ProPyme,Mediana,bajo
2261562,28,5,14D3,Mediana,medio
1769455,27,4,14D3,Pequeña,medio
981376,26,1,ProPyme,Micro,bajo
1404830,24,5,14D3,Mediana,bajo
1062190,29,2,General,Micro,bajo
808600,22,0,ProPyme,Micro,medio
1963088,30,2,14D3,Pequeña,medio
2454708,30,2,ProPyme,Mediana,bajo
800716,31,3,ProPyme,Micro,alto
1781484,24,5,14D3,Pequeña,medio
1174678,31,3,General,Pequeña,medio
1256437,27,2,14D3,Pequeña,medio
1203803,36,0,14D3,Mediana,alto
1068004,28,1,General,Mediana,medio
1524260,35,1,14D3,Pequeña,medio
1084524,31,5,14D3,Mediana,medio
1635228,25,4,14D3,Mediana,alto
1474880,31,4,ProPyme,Micro,medio
1380525,30,1,ProPyme,Pequeña,medio
1046218,24,2,ProPyme,Pequeña,alto
1211614,29,2,14D3,Mediana,alto
1877695,18,3,General,Pequeña,bajo
1750458,33,5,ProPyme,Pequeña,bajo
1011222,25,3,General,Pequeña,bajo
1549666,26,4,14D3,Mediana,alto
1875693,28,1,ProPyme,Mediana,medio
665297,36,2,14D3,Mediana,bajo
1771680,27,1,General,Micro,bajo
1168688,35,0,ProPyme,Pequeña,bajo
1785299,25,1,ProPyme,Micro,bajo
1118370,29,0,ProPyme,Mediana,bajo
597558,36,3,ProPyme,Micro,medio
686228,28,3,General,Pequeña,bajo
1524042,36,4,ProPyme,Pequeña,bajo
1629861,29,1,14D3,Mediana,alto
1047841,40,1,ProPyme,Mediana,alto
1819296,40,0,General,Micro,bajo
669239,30,3,ProPyme,Mediana,bajo
1466960,30,0,General,Micro,medio
894491,24,3,General,Pequeña,medio
1174081,34,0,14D3,Pequeña,bajo
1523699,29,3,ProPyme,Pequeña,bajo
1069793,33,0,ProPyme,Pequeña,bajo
1307722,28,3,ProPyme,Pequeña,medio
2003146,28,5,14D3,Micro,alto
1211554,36,0,14D3,Pequeña,alto
1917846,28,1,General,Micro,medio
935146,22,4,General,Pequeña,medio
1764902,29,5,General,Micro,medio
2220784,33,5,14D3,Micro,medio
264177,28,0,14D3,Micro,bajo
1101552,24,4,14D3,Mediana,medio
1788536,24,1,General,Micro,alto
1398477,31,5,14D3,Micro,medio
1685572,30,1,General,Pequeña,alto
1198007,43,3,General,Micro,medio
1543294,39,4,ProPyme,Micro,medio
1422161,32,2,ProPyme,Mediana,bajo
2083891,34,3,ProPyme,Pequeña,medio
1627210,33,4,General,Mediana,alto
1668801,31,0,ProPyme,Mediana,medio
1294061,29,0,ProPyme,Mediana,bajo
1256196,39,1,ProPyme,Micro,bajo
1283720,36,5,14D3,Mediana,medio
1697226,30,2,General,Mediana,medio
1289507,31,0,ProPyme,Pequeña,medio
1644887,16,4,14D3,Pequeña,alto
2537700,45,5,14D3,Pequeña,medio
1935562,34,5,14D3,Pequeña,medio
1336988,33,4,ProPyme,Mediana,bajo
2100606,42,5,14D3,Pequeña,bajo
1295962,35,0,General,Micro,medio
480937,32,4,14D3,Mediana,alto
995956,33,4,14D3,Pequeña,medio
564604,41,1,14D3,Mediana,medio
1324243,32,2,14D3,Pequeña,bajo
1509209,27,1,General,Mediana,alto
2338218,29,2,ProPyme,Pequeña,alto
1663463,24,4,General,Micro,medio
1390449,21,5,General,Pequeña,bajo
1914702,22,2,ProPyme,Mediana,medio
394432,33,4,14D3,Mediana,alto
1617807,24,4,ProPyme,Micro,medio
1885432,49,1,ProPyme,Mediana,medio
760706,40,1,General,Micro,bajo
2071877,18,5,ProPyme,Mediana,bajo
1669248,31,3,14D3,Mediana,bajo
1292356,27,0,General,Micro,alto
1816390,31,3,14D3,Mediana,medio
2635346,26,3,General,Mediana,alto
1590933,26,5,14D3,Micro,bajo
1624110,28,2,ProPyme,Pequeña,alto
1270319,18,5,ProPyme,Micro,alto
1075077,25,5,ProPyme,Mediana,bajo
1915167,21,4,14D3,Pequeña,alto
1071958,27,4,General,Pequeña,bajo
1535783,21,4,General,Pequeña,bajo
1261171,34,0,General,Micro,bajo
1739489,30,2,ProPyme,Pequeña,alto
1666831,27,2,14D3,Pequeña,alto
2018769,30,4,General,Pequeña,bajo
1244991,31,3,14D3,Mediana,medio
1365062,34,0,General,Micro,medio
1010618,23,3,ProPyme,Micro,alto
1277853,28,1,14D3,Mediana,bajo
1688650,33,2,General,Pequeña,medio
1878494,33,2,General,Mediana,medio
1038917,32,3,General,Mediana,bajo
1934802,27,0,General,Pequeña,medio
2177818,28,2,ProPyme,Pequeña,medio
1706717,33,3,General,Micro,bajo
2438397,33,5,General,Pequeña,alto
1113105,28,5,ProPyme,Mediana,bajo
877672,34,0,General,Mediana,alto
610639,33,3,14D3,Pequeña,bajo
2248022,33,5,14D3,Micro,bajo
1827182,37,0,General,Mediana,bajo
1472207,29,4,ProPyme,Pequeña,alto
1639984,28,0,ProPyme,Micro,alto
937255,27,1,ProPyme,Micro,bajo
2722875,37,4,General,Mediana,bajo
1564610,40,3,General,Mediana,medio
1554697,36,4,14D3,Micro,medio
1862883,35,4,ProPyme,Micro,alto
1740504,36,3,General,Micro,bajo
1611942,26,3,General,Pequeña,medio
1104762,35,5,General,Mediana,medio
1735734,37,1,ProPyme,Micro,alto
2441012,33,3,ProPyme,Mediana,medio
2172710,27,2,14D3,Mediana,bajo
2296593,31,2,ProPyme,Mediana,bajo
1244392,33,1,General,Micro,medio
1005197,29,0,14D3,Pequeña,medio
1437106,35,0,ProPyme,Micro,alto
1527862,33,2,ProPyme,Mediana,medio
2047095,32,3,ProPyme,Micro,medio
653767,25,1,ProPyme,Micro,medio
2264775,23,0,General,Mediana,medio
1420996,37,0,ProPyme,Mediana,bajo
1286559,34,4,General,Micro,bajo
993947,30,2,General,Micro,medio
672571,27,3,General,Micro,bajo
1911585,26,1,14D3,Micro,bajo
1536658,32,0,General,Pequeña,bajo
855019,31,4,ProPyme,Micro,bajo
852460,26,2,14D3,Pequeña,bajo
1332107,45,2,ProPyme,Mediana,medio
2334510,38,1,General,Pequeña,medio
1370204,31,0,ProPyme,Mediana,medio
748428,20,1,14D3,Pequeña,medio
1377128,32,1,14D3,Mediana,alto
1363638,39,5,ProPyme,Micro,bajo
151556,23,4,ProPyme,Pequeña,medio
1472852,26,2,ProPyme,Pequeña,bajo
1384532,35,5,14D3,Mediana,medio
1848103,26,3,General,Mediana,alto
2424478,26,2,ProPyme,Pequeña,medio
2063282,33,2,General,Mediana,medio
1365555,31,4,14D3,Micro,medio
946737,34,3,ProPyme,Pequeña,medio
2786679,33,0,ProPyme,Micro,bajo
1529609,27,3,14D3,Pequeña,medio
1506964,39,0,ProPyme,Micro,medio
1487937,22,3,General,Pequeña,bajo
1599042,34,1,14D3,Mediana,bajo
1427819,22,3,14D3,Pequeña,alto
1213168,34,5,ProPyme,Micro,bajo
1226570,26,5,14D3,Pequeña,bajo
1483623,31,4,ProPyme,Micro,medio
1228287,43,0,ProPyme,Micro,bajo
1143577,30,2,14D3,Micro,medio
1553215,31,4,ProPyme,Mediana,medio
1372511,32,5,General,Pequeña,alto
2251996,25,5,General,Micro,bajo
174515,27,0,ProPyme,Mediana,medio
2045753,29,5,General,Micro,alto
2123042,31,5,ProPyme,Pequeña,bajo
463304,27,0,General,Mediana,bajo
1328656,28,5,14D3,Micro,alto
1314279,33,2,ProPyme,Micro,bajo
796244,23,1,ProPyme,Micro,medio
1111091,23,4,ProPyme,Pequeña,bajo
944712,33,2,ProPyme,Mediana,bajo
2376135,30,2,ProPyme,Mediana,bajo
1967839,32,1,ProPyme,Mediana,medio
2135777,29,4,14D3,Micro,medio
1860836,37,2,14D3,Mediana,bajo
935474,22,5,General,Micro,alto
1237739,31,1,ProPyme,Pequeña,medio
1744687,21,4,General,Mediana,alto
888936,22,3,General,Micro,alto
1856499,31,0,14D3,Mediana,alto
1379837,32,5,General,Mediana,alto
1312589,33,1,14D3,Pequeña,medio
1855479,27,0,General,Mediana,alto
1722131,38,3,ProPyme,Pequeña,bajo
1319516,31,2,General,Mediana,bajo
2079664,28,2,14D3,Mediana,alto
959468,29,4,14D3,Mediana,medio
1807967,33,1,14D3,Mediana,alto
1796550,28,1,General,Mediana,alto
1345226,19,4,General,Mediana,bajo
1663066,33,0,14D3,Pequeña,alto
874443,33,2,ProPyme,Pequeña,bajo
1962013,34,2,ProPyme,Micro,bajo
1407548,29,1,General,Mediana,medio
1238638,26,1,General,Pequeña,bajo
2024504,28,4,14D3,Mediana,medio
1147828,27,3,General,Mediana,medio
795769,24,0,General,Pequeña,bajo
721685,28,5,14D3,Mediana,alto
1803004,29,3,14D3,Pequeña,medio
859785,33,3,General,Pequeña,bajo
2377397,32,1,ProPyme,Micro,bajo
459035,23,1,General,Micro,alto
2348228,32,1,ProPyme,Micro,alto
1605508,28,3,ProPyme,Micro,bajo
1451643,23,0,ProPyme,Mediana,bajo
1227540,24,1,14D3,Mediana,alto
1699568,25,2,14D3,Micro,medio
1481182,31,0,14D3,Pequeña,bajo
2051650,37,2,General,Pequeña,medio
1557113,27,0,14D3,Pequeña,medio
1575150,31,1,14D3,Pequeña,alto
1318193,31,5,General,Mediana,bajo
1471527,28,4,General,Pequeña,medio
1653900,23,1,ProPyme,Pequeña,bajo
644915,29,3,General,Micro,alto
825907,21,5,General,Pequeña,alto
1871632,34,3,14D3,Mediana,medio
1585432,36,0,ProPyme,Pequeña,medio
1408008,30,3,ProPyme,Pequeña,medio
1509216,23,5,General,Mediana,alto
1673790,47,5,14D3,Micro,bajo
1230120,34,1,14D3,Mediana,alto
1110847,28,2,14D3,Micro,bajo
1597922,31,1,14D3,Pequeña,bajo
1010813,33,0,General,Micro,medio
1704126,21,3,14D3,Micro,alto
648708,26,2,ProPyme,Micro,alto
2014577,29,4,ProPyme,Pequeña,medio
1736298,28,5,General,Micro,medio
1628014,28,2,14D3,Micro,alto
1991345,29,2,14D3,Pequeña,bajo
2332737,31,1,14D3,Mediana,alto
2007185,35,4,14D3,Mediana,medio
579562,36,5,General,Mediana,medio
860211,35,0,14D3,Pequeña,bajo
1187590,29,0,General,Pequeña,medio
1513045,31,2,14D3,Mediana,bajo
1758829,25,2,14D3,Micro,bajo
1137128,31,3,ProPyme,Mediana,bajo
1593383,19,4,General,Pequeña,bajo
1122308,35,5,ProPyme,Micro,medio
1194241,25,2,General,Micro,alto
796669,20,3,14D3,Pequeña,bajo
1038383,24,4,14D3,Micro,medio
824157,25,5,General,Mediana,medio
1012063,18,0,ProPyme,Pequeña,medio
2026820,30,3,General,Pequeña,alto
1025300,28,4,General,Pequeña,medio
2816191,23,3,14D3,Pequeña,alto
1746658,19,2,ProPyme,Micro,medio
1592418,31,1,General,Pequeña,medio
1070821,37,0,ProPyme,Pequeña,medio
1850154,44,2,ProPyme,Micro,alto
1212181,21,2,General,Pequeña,alto
1561004,24,4,ProPyme,Micro,medio
2780042,32,3,14D3,Micro,alto
1451970,26,0,14D3,Pequeña,bajo
2074636,24,2,14D3,Mediana,alto
1148411,22,4,14D3,Pequeña,bajo
1482505,26,0,ProPyme,Mediana,bajo
2385400,42,3,14D3,Micro,bajo
1186516,28,2,General,Mediana,alto
2406224,20,5,14D3,Pequeña,alto
1853875,33,2,General,Pequeña,alto
1218766,28,2,General,Mediana,alto
1816203,29,0,14D3,Pequeña,medio
1986277,27,0,14D3,Mediana,alto
1810904,32,0,ProPyme,Micro,alto
714887,27,0,General,Mediana,medio
1136431,25,4,14D3,Mediana,bajo
1376240,24,1,ProPyme,Mediana,medio
1462783,33,4,14D3,Mediana,alto
1810336,30,2,14D3,Micro,alto
1588850,20,4,14D3,Micro,alto
832327,27,3,General,Micro,alto
1690098,37,5,14D3,Mediana,alto
1805292,25,0,ProPyme,Micro,alto
1779895,24,3,14D3,Pequeña,medio
2040390,27,5,14D3,Micro,bajo
1916961,29,3,ProPyme,Mediana,medio
1729590,37,2,ProPyme,Pequeña,medio
1464917,33,0,General,Mediana,alto
669519,29,3,General,Pequeña,medio
1714809,28,2,General,Mediana,bajo
1603843,33,0,General,Mediana,bajo
1635789,23,1,ProPyme,Pequeña,medio
861625,25,2,14D3,Micro,medio
959471,33,4,14D3,Pequeña,bajo
2026576,29,0,14D3,Pequeña,bajo
1480222,31,3,General,Pequeña,medio
1840750,24,5,ProPyme,Pequeña,bajo
1514159,31,3,ProPyme,Pequeña,bajo
1514878,25,4,ProPyme,Mediana,medio
1969141,35,4,14D3,Mediana,medio
1241977,26,3,General,Micro,medio
1548060,31,5,ProPyme,Micro,bajo
1268862,34,0,General,Pequeña,alto
1282751,30,2,ProPyme,Micro,medio
1345413,26,4,General,Micro,bajo
1611066,32,4,ProPyme,Pequeña,bajo
1260625,26,4,General,Mediana,bajo
2127878,30,5,ProPyme,Mediana,bajo
1052696,34,1,ProPyme,Micro,bajo
1406564,31,5,General,Mediana,medio
1280134,24,0,General,Mediana,medio
2223488,21,0,14D3,Micro,medio
1598277,31,0,General,Pequeña,alto
2015922,30,0,ProPyme,Micro,bajo
757219,24,0,ProPyme,Micro,alto
1633525,37,3,General,Micro,bajo
1944815,38,4,14D3,Pequeña,medio
1541141,36,5,General,Pequeña,bajo
2032740,31,3,ProPyme,Pequeña,alto
1241355,26,5,ProPyme,Pequeña,medio
2204673,26,1,14D3,Micro,bajo
2649449,31,2,General,Mediana,medio
1318580,29,4,ProPyme,Micro,bajo
1277248,21,1,ProPyme,Pequeña,alto
2226692,24,3,ProPyme,Mediana,medio
2289786,25,2,General,Micro,bajo
1238569,28,1,General,Mediana,medio
1289906,33,5,14D3,Pequeña,bajo
1359107,40,2,ProPyme,Mediana,medio
827774,29,5,ProPyme,Mediana,bajo
1040674,33,1,14D3,Pequeña,medio
997929,34,3,ProPyme,Mediana,alto
1116101,37,5,14D3,Micro,bajo
1482657,26,2,14D3,Mediana,alto
1617107,23,1,ProPyme,Micro,medio
2275250,30,5,General,Mediana,bajo
1000822,25,3,General,Mediana,medio
1992161,34,4,General,Pequeña,medio
1393005,28,3,General,Pequeña,medio
1475268,40,3,ProPyme,Micro,bajo
1837409,35,4,14D3,Pequeña,bajo
938638,28,3,14D3,Pequeña,alto
1691204,33,4,ProPyme,Pequeña,medio
1583226,31,4,General,Pequeña,medio
1746225,30,5,14D3,Pequeña,bajo
1644584,29,5,ProPyme,Micro,alto
2727650,34,4,ProPyme,Micro,alto
1181130,28,1,General,Pequeña,bajo
1234501,25,2,ProPyme,Pequeña,bajo
1188429,39,1,14D3,Micro,alto
1222261,36,4,14D3,Mediana,alto
1181306,43,2,ProPyme,Micro,medio
2094508,27,5,14D3,Mediana,alto
2210252,30,2,ProPyme,Pequeña,medio
1214626,26,4,14D3,Pequeña,bajo
1083822,27,5,General,Micro,medio
1735707,23,2,14D3,Pequeña,medio
1223888,42,2,General,Mediana,alto
1816465,27,1,General,Mediana,bajo
1601461,32,2,ProPyme,Micro,medio
742127,22,4,General,Mediana,alto
2273752,27,0,14D3,Micro,bajo
2397938,34,0,14D3,Micro,medio
1193605,42,0,General,Mediana,alto
1306149,37,4,ProPyme,Mediana,medio
1642932,33,0,General,Mediana,medio
1667228,33,1,14D3,Mediana,alto
1829272,37,4,14D3,Mediana,bajo
2505102,30,5,General,Mediana,alto
1411526,28,4,General,Mediana,medio
1100851,36,4,General,Pequeña,medio
810340,24,2,14D3,Micro,medio
1134534,30,2,14D3,Micro,alto
1483436,29,2,14D3,Mediana,bajo
2397278,36,3,ProPyme,Micro,bajo
1241194,22,1,14D3,Mediana,bajo
1611893,33,4,14D3,Pequeña,bajo
1491788,28,4,ProPyme,Micro,medio
2094196,34,2,ProPyme,Micro,alto
2763466,28,4,ProPyme,Pequeña,alto
1234565,33,5,ProPyme,Pequeña,bajo
1255280,26,4,ProPyme,Pequeña,medio
2022080,41,0,ProPyme,Micro,medio
1840945,35,5,General,Micro,bajo
2423353,23,5,General,Pequeña,alto
1791964,28,4,General,Pequeña,alto
1320353,27,3,General,Pequeña,alto
1795327,29,2,14D3,Pequeña,medio
2054351,30,1,ProPyme,Pequeña,medio
1910241,26,1,14D3,Mediana,bajo
1753637,33,0,ProPyme,Pequeña,medio
2033337,29,1,ProPyme,Mediana,medio
2084647,35,1,14D3,Micro,alto
2191079,36,2,General,Micro,alto
1824354,29,2,14D3,Mediana,alto
1416440,26,3,14D3,Pequeña,alto
1573356,30,0,ProPyme,Micro,bajo
2103254,29,1,ProPyme,Pequeña,medio
1091532,27,3,ProPyme,Pequeña,bajo
1684336,25,0,General,Mediana,bajo
1303330,25,5,14D3,Micro,medio
1514372,39,1,14D3,Micro,medio
2139225,34,1,General,Mediana,medio
1595549,22,2,14D3,Pequeña,bajo
1523218,29,4,14D3,Pequeña,bajo
820071,30,0,ProPyme,Micro,bajo
1873126,28,1,General,Mediana,bajo
1822742,34,0,ProPyme,Mediana,bajo
2581627,25,3,General,Pequeña,medio
1346110,24,3,ProPyme,Pequeña,alto
1609575,28,4,14D3,Mediana,medio
1624691,27,1,General,Micro,medio
2288726,33,2,General,Pequeña,bajo
1452352,34,1,ProPyme,Mediana,alto
1639510,37,0,General,Mediana,bajo
1803948,33,5,14D3,Mediana,alto
1593304,25,3,14D3,Micro,alto
1276783,27,0,14D3,Pequeña,alto
1597044,25,4,ProPyme,Pequeña,bajo
2036815,20,3,General,Pequeña,medio
986742,31,2,ProPyme,Micro,bajo
1566484,29,3,14D3,Pequeña,bajo
1149939,30,5,General,Pequeña,bajo
2097523,19,1,14D3,Pequeña,alto
738406,27,5,General,Pequeña,alto
1220539,24,5,General,Micro,bajo
1688605,22,1,ProPyme,Mediana,medio
2282762,22,3,General,Mediana,alto
1467124,39,4,14D3,Pequeña,medio
1222400,36,1,General,Pequeña,medio
2440578,26,1,14D3,Pequeña,medio
775993,24,2,ProPyme,Micro,alto
400597,38,3,14D3,Pequeña,medio
1720007,26,1,General,Micro,alto
1248972,28,4,14D3,Pequeña,medio
989383,31,0,14D3,Pequeña,bajo
1854178,33,3,General,Mediana,bajo
1621900,27,2,14D3,Pequeña,bajo
1217960,35,5,General,Micro,medio
859847,32,1,ProPyme,Mediana,bajo
1936228,31,4,14D3,Micro,alto
1825100,28,3,ProPyme,Mediana,medio
1450412,16,4,14D3,Micro,alto
2423318,27,4,14D3,Mediana,alto
964957,24,5,ProPyme,Micro,alto
737237,42,2,14D3,Micro,alto
1154045,35,3,14D3,Pequeña,medio
1477206,35,1,ProPyme,Mediana,bajo
1621669,32,2,14D3,Mediana,alto
1379381,39,1,General,Pequeña,alto
1676027,32,0,14D3,Micro,alto
874230,20,4,14D3,Micro,medio
2221882,27,0,14D3,Mediana,medio
1458924,28,4,ProPyme,Micro,bajo
2058647,32,5,General,Mediana,medio
1671362,28,2,General,Mediana,bajo
1728376,24,1,14D3,Micro,bajo
1784883,27,5,ProPyme,Micro,medio
1723854,32,1,ProPyme,Micro,medio
1821361,28,2,General,Pequeña,bajo
2164576,25,3,ProPyme,Mediana,alto
1598260,35,0,14D3,Micro,alto
1854501,27,0,14D3,Pequeña,medio
1455132,27,1,ProPyme,Micro,medio
2220058,32,1,14D3,Mediana,alto
1161803,28,1,General,Pequeña,bajo
2400470,23,2,14D3,Mediana,medio
1479921,22,3,ProPyme,Micro,bajo
784612,40,0,General,Micro,medio
1564052,45,5,14D3,Micro,medio
1159474,34,4,General,Pequeña,medio
1920321,38,2,ProPyme,Pequeña,bajo
1173688,30,0,14D3,Pequeña,bajo
1276908,27,3,14D3,Pequeña,medio
555229,34,2,General,Micro,medio
1273846,42,5,14D3,Micro,medio
288060,32,0,14D3,Micro,bajo
708048,18,2,14D3,Pequeña,medio
1880207,29,0,14D3,Pequeña,bajo
1892900,29,0,ProPyme,Micro,bajo
1712728,44,3,14D3,Micro,medio
1016511,30,4,General,Pequeña,medio
1476144,39,3,ProPyme,Mediana,bajo
1498198,34,0,General,Micro,bajo
920817,27,2,General,Micro,medio
2251699,37,5,General,Micro,bajo
1938681,32,3,ProPyme,Pequeña,medio
1389517,35,4,ProPyme,Micro,medio
1513442,28,0,ProPyme,Micro,bajo
1604191,28,5,14D3,Micro,bajo
479132,29,3,General,Micro,alto
1376411,28,3,ProPyme,Micro,medio
1159007,24,3,General,Mediana,medio
999189,31,3,ProPyme,Mediana,medio
1359449,26,5,ProPyme,Micro,medio
2398843,30,2,ProPyme,Micro,alto
1820421,43,4,General,Micro,medio
1214410,30,4,14D3,Micro,bajo
1786291,30,0,ProPyme,Pequeña,medio
2199677,26,1,ProPyme,Pequeña,medio
1962316,22,2,ProPyme,Pequeña,medio
1529815,33,0,14D3,Mediana,medio
1176531,31,0,General,Micro,alto
1849111,34,3,General,Pequeña,medio
1696742,34,1,General,Micro,bajo
1947596,27,1,General,Micro,bajo
1817585,22,2,ProPyme,Mediana,medio
2024776,36,1,14D3,Mediana,bajo
1232382,28,0,ProPyme,Pequeña,bajo
2158697,37,1,14D3,Pequeña,medio
1598799,37,1,General,Mediana,medio
2537630,24,4,14D3,Mediana,alto
1155406,24,0,ProPyme,Micro,bajo
2367981,30,5,ProPyme,Micro,bajo
1598955,24,1,General,Pequeña,bajo
1174290,31,1,ProPyme,Pequeña,medio
1258057,33,3,ProPyme,Mediana,bajo
1339826,40,1,14D3,Pequeña,medio
1712082,26,1,ProPyme,Micro,bajo
1761417,34,4,General,Mediana,medio
1213149,27,0,General,Micro,alto
1487822,31,2,ProPyme,Mediana,bajo
2571135,24,0,General,Mediana,medio
2363771,34,3,14D3,Micro,medio
1718161,24,0,14D3,Pequeña,alto
1519001,32,1,ProPyme,Pequeña,medio
1560015,30,3,ProPyme,Pequeña,medio
1806758,27,0,14D3,Pequeña,alto
988603,25,3,General,Micro,medio
1371311,24,2,ProPyme,Mediana,medio
665707,29,0,ProPyme,Micro,bajo
1699611,29,5,General,Pequeña,medio
1823597,31,1,ProPyme,Pequeña,alto
1258406,40,3,General,Micro,alto
2286993,30,5,General,Mediana,alto
887117,34,5,General,Micro,alto
767812,30,4,General,Micro,medio
1612225,39,3,General,Micro,alto
2023549,31,5,14D3,Mediana,medio
2341963,30,4,General,Micro,medio
1270557,32,5,14D3,Micro,bajo
2039340,30,1,General,Pequeña,bajo
1480745,20,2,ProPyme,Micro,alto
1413686,36,4,14D3,Pequeña,medio
1941829,24,2,ProPyme,Pequeña,bajo
1826161,35,3,General,Pequeña,bajo
711803,31,1,General,Mediana,alto
2238270,15,4,ProPyme,Pequeña,medio
2190045,36,3,General,Micro,medio
1187218,17,5,ProPyme,Micro,medio
1697901,36,0,General,Pequeña,medio
1747015,29,3,General,Pequeña,bajo
1630336,29,2,14D3,Micro,medio
1224847,31,1,ProPyme,Pequeña,alto
1164188,27,1,General,Mediana,medio
1487222,28,3,ProPyme,Pequeña,medio
2086364,32,5,14D3,Mediana,bajo
1771800,26,0,ProPyme,Mediana,medio
1314692,29,2,14D3,Mediana,bajo
1885849,34,3,ProPyme,Pequeña,medio
75728,27,3,ProPyme,Mediana,medio
2074382,19,1,14D3,Mediana,alto
630143,39,2,General,Pequeña,medio
1318779,31,0,General,Mediana,bajo
940165,27,1,General,Pequeña,medio
852659,31,3,ProPyme,Micro,medio
2080413,22,1,ProPyme,Mediana,bajo
1266149,45,1,General,Pequeña,medio
1673251,32,4,ProPyme,Micro,alto
1476539,31,1,ProPyme,Mediana,bajo
1738520,31,5,General,Mediana,medio
1538410,28,1,14D3,Pequeña,alto
858503,32,5,ProPyme,Micro,medio
1998133,32,2,ProPyme,Pequeña,medio
1253121,27,1,ProPyme,Mediana,bajo
721709,39,0,ProPyme,Mediana,bajo
1285942,33,5,14D3,Mediana,medio
2250379,24,5,General,Mediana,medio
1925110,30,3,ProPyme,Micro,alto
1325673,32,2,General,Micro,bajo
1325371,27,1,ProPyme,Pequeña,medio
1339182,25,0,14D3,Pequeña,bajo
2538373,25,3,General,Pequeña,bajo
1690967,29,2,14D3,Mediana,medio
1715020,29,5,ProPyme,Pequeña,medio
2015141,38,0,14D3,Micro,bajo
1619394,31,1,14D3,Pequeña,bajo
1370478,28,4,ProPyme,Pequeña,medio
1401825,33,4,ProPyme,Micro,alto
1464199,41,2,General,Micro,alto
1481388,27,0,ProPyme,Mediana,bajo
1863814,25,3,General,Micro,alto
1525972,34,0,14D3,Micro,medio
1866320,28,5,14D3,Pequeña,alto
1459641,32,4,General,Micro,bajo
1539317,35,2,ProPyme,Mediana,medio
500899,37,1,ProPyme,Pequeña,alto
1958163,42,0,14D3,Mediana,bajo
1673244,27,4,General,Micro,alto
1999005,28,3,14D3,Mediana,alto
51872,29,2,14D3,Mediana,alto
2544187,25,1,ProPyme,Micro,bajo
1430205,27,0,General,Micro,bajo
2054091,24,3,14D3,Pequeña,bajo
980047,28,1,ProPyme,Pequeña,alto
1806386,31,5,14D3,Pequeña,bajo
973292,23,4,14D3,Micro,medio
1188115,33,5,ProPyme,Mediana,medio
2457015,33,4,ProPyme,Mediana,medio
1404658,30,3,General,Pequeña,bajo
1608716,33,5,14D3,Pequeña,medio
1935033,30,4,General,Micro,alto
1747840,34,2,ProPyme,Mediana,bajo
1575209,29,3,ProPyme,Pequeña,alto
1682480,28,4,14D3,Micro,medio
2701707,33,0,General,Pequeña,medio
1471190,37,4,General,Micro,medio
1600549,20,5,14D3,Mediana,bajo
2025327,29,2,14D3,Micro,medio
2052762,25,1,General,Pequeña,alto
2093515,31,1,ProPyme,Pequeña,bajo
1819365,26,4,ProPyme,Mediana,medio
928497,37,1,14D3,Mediana,bajo
2316715,24,4,General,Pequeña,medio
926827,27,2,General,Pequeña,medio
1651317,29,1,General,Pequeña,medio
1122862,24,5,ProPyme,Mediana,bajo
1467930,41,5,ProPyme,Pequeña,alto
1664381,29,0,General,Mediana,bajo
1660678,21,4,General,Pequeña,medio
1710960,26,1,14D3,Micro,medio
2306855,16,5,14D3,Micro,alto
1726767,35,2,General,Pequeña,bajo
1377921,29,2,General,Micro,alto
1982043,29,0,ProPyme,Mediana,medio
2094735,35,2,General,Micro,medio
886196,29,2,14D3,Micro,medio
1798700,30,1,ProPyme,Mediana,alto
1850586,27,4,14D3,Micro,medio
1351218,30,3,14D3,Micro,alto
2187853,23,2,ProPyme,Pequeña,bajo
1424972,26,2,14D3,Mediana,alto
1562788,21,3,General,Mediana,bajo
1413464,29,2,14D3,Pequeña,medio
1507789,26,1,ProPyme,Pequeña,medio
951862,21,1,ProPyme,Micro,medio
779974,27,3,ProPyme,Micro,bajo
2297252,39,5,14D3,Micro,medio
1076519,21,2,General,Pequeña,bajo
1004303,44,5,ProPyme,Mediana,medio
423304,29,2,General,Micro,bajo
1180519,26,4,ProPyme,Pequeña,medio
838455,30,2,General,Mediana,bajo
2321007,37,1,General,Pequeña,bajo
2004908,32,0,General,Micro,bajo
1155924,31,0,ProPyme,Pequeña,medio
2626217,32,0,14D3,Pequeña,alto
1990882,35,0,14D3,Pequeña,alto
1337584,28,5,14D3,Pequeña,bajo
250297,29,5,General,Mediana,medio
2645471,30,2,ProPyme,Micro,medio
805213,31,5,General,Mediana,medio
677300,36,2,ProPyme,Pequeña,medio
2011285,25,4,General,Pequeña,bajo
2719876,26,2,ProPyme,Micro,medio
2192136,32,0,ProPyme,Micro,medio
1781954,29,3,ProPyme,Mediana,bajo
1797377,31,3,General,Mediana,medio
1926707,23,1,14D3,Micro,medio
1879464,37,1,General,Mediana,bajo
1640595,34,2,General,Pequeña,medio
1552100,21,3,ProPyme,Pequeña,alto
1468703,28,0,ProPyme,Micro,alto
1123017,43,5,14D3,Mediana,medio
1359662,27,0,14D3,Pequeña,medio
653521,45,0,ProPyme,Micro,medio
1450830,27,2,14D3,Mediana,medio
1005704,33,2,14D3,Pequeña,bajo
948205,34,4,ProPyme,Mediana,medio
1589947,18,0,General,Mediana,medio
2196001,28,0,14D3,Mediana,medio
1959158,30,2,ProPyme,Micro,alto
714749,24,2,14D3,Pequeña,alto
1005185,29,4,14D3,Micro,bajo
1970385,33,4,ProPyme,Pequeña,bajo
1008756,32,1,14D3,Pequeña,bajo
1387683,33,3,14D3,Micro,medio
1775026,31,0,14D3,Micro,medio
1015827,25,0,General,Pequeña,alto
1552687,29,4,General,Pequeña,medio
832987,20,4,14D3,Pequeña,alto
1199316,27,1,ProPyme,Mediana,medio
1659890,31,3,14D3,Pequeña,alto
703503,26,1,14D3,Micro,medio
1720237,25,3,General,Micro,medio
1490181,33,5,General,Micro,medio
1776244,28,0,General,Pequeña,medio
1611957,35,1,14D3,Pequeña,medio
2182070,20,4,14D3,Mediana,bajo
1562612,26,1,ProPyme,Mediana,bajo
1285297,36,5,14D3,Micro,medio
1561148,33,1,14D3,Mediana,medio
1771649,19,0,General,Mediana,bajo
1524430,27,5,General,Micro,bajo
1520295,35,4,General,Pequeña,bajo
1149004,36,4,General,Mediana,medio
1168549,29,2,General,Pequeña,bajo
798697,25,5,ProPyme,Micro,bajo
2374788,23,2,ProPyme,Micro,bajo
878068,31,2,ProPyme,Mediana,bajo
1153547,30,0,General,Micro,alto
1140796,31,1,General,Micro,bajo
1947462,31,4,General,Micro,medio
1352525,30,4,ProPyme,Mediana,medio
2123871,25,1,General,Mediana,alto
1163254,27,4,ProPyme,Mediana,bajo
1639497,30,1,General,Micro,bajo
1082326,26,5,14D3,Pequeña,bajo
2572574,37,0,ProPyme,Micro,bajo
906200,22,0,14D3,Mediana,medio
1654910,35,0,ProPyme,Pequeña,bajo
1816888,22,1,General,Pequeña,bajo
1706899,36,1,General,Mediana,alto
1407356,32,3,14D3,Pequeña,medio
1435089,30,4,General,Pequeña,bajo
1521905,32,4,ProPyme,Mediana,bajo
1426498,29,3,General,Pequeña,bajo
1981939,31,3,General,Pequeña,alto
2605261,33,0,ProPyme,Mediana,alto
1221254,24,3,14D3,Pequeña,alto
815098,30,1,14D3,Pequeña,alto
1455858,22,2,General,Pequeña,medio
2789854,32,1,ProPyme,Pequeña,bajo
1098162,22,3,14D3,Mediana,medio
2319558,26,4,14D3,Micro,medio
2338850,26,1,General,Micro,alto
1223205,41,4,ProPyme,Pequeña,medio
1784491,36,1,14D3,Mediana,medio
2314198,22,4,General,Mediana,alto
1310436,26,5,General,Pequeña,bajo
1398209,26,1,General,Micro,alto
1209159,40,4,General,Pequeña,bajo
992621,33,2,14D3,Mediana,medio
1175361,49,0,ProPyme,Mediana,bajo
888029,36,1,General,Micro,medio
1517041,32,2,General,Mediana,medio
1115013,39,0,14D3,Mediana,medio
1616892,36,1,General,Mediana,alto
722052,29,2,General,Micro,medio
1665440,29,2,ProPyme,Mediana,medio
1916764,40,5,General,Pequeña,bajo
503132,27,2,14D3,Micro,alto
1687028,28,5,ProPyme,Pequeña,bajo
2113834,28,3,14D3,Pequeña,bajo
895179,33,4,ProPyme,Micro,bajo
2336286,26,0,ProPyme,Pequeña,medio
1709509,23,4,General,Micro,alto
1147494,29,4,General,Pequeña,bajo
1472115,20,5,General,Micro,medio
1779163,36,4,14D3,Mediana,alto
1538002,29,2,General,Mediana,medio
1769377,37,5,General,Pequeña,alto
1039663,31,4,ProPyme,Mediana,bajo
1584680,22,5,General,Micro,medio
793142,29,3,General,Pequeña,bajo
1444386,31,5,General,Mediana,alto
1048046,34,1,General,Mediana,medio
1132235,24,2,ProPyme,Pequeña,medio
2118046,24,0,General,Mediana,bajo
2045655,31,1,ProPyme,Mediana,bajo
1804569,31,1,14D3,Pequeña,bajo
953843,27,1,General,Mediana,medio
1341795,32,4,General,Mediana,bajo
2106548,32,5,General,Mediana,medio
1570858,34,5,ProPyme,Mediana,bajo
2659664,25,4,General,Pequeña,alto
1696658,23,2,General,Micro,bajo
1596024,33,4,14D3,Micro,bajo
1345441,44,4,ProPyme,Mediana,alto
1566770,24,4,ProPyme,Mediana,medio
1423765,36,2,14D3,Micro,medio
1854054,32,2,ProPyme,Mediana,bajo
1978351,33,3,General,Micro,medio
1107005,19,3,General,Pequeña,medio
834383,37,3,14D3,Pequeña,bajo
581897,32,3,ProPyme,Pequeña,medio
1753995,43,5,ProPyme,Pequeña,medio
948316,31,1,ProPyme,Pequeña,bajo
423554,34,1,14D3,Pequeña,alto
1694289,25,3,General,Micro,alto
2746499,39,3,14D3,Mediana,bajo
1496964,23,0,General,Micro,medio
1919245,30,1,14D3,Pequeña,bajo
1540914,23,0,General,Mediana,alto
1450555,25,0,ProPyme,Mediana,medio
1959538,33,4,ProPyme,Pequeña,bajo
1354862,34,5,ProPyme,Pequeña,bajo
1633696,29,2,14D3,Pequeña,bajo
1660848,26,1,14D3,Pequeña,medio
1165954,31,3,14D3,Pequeña,medio
1996021,39,3,ProPyme,Pequeña,bajo
1412520,38,2,General,Mediana,bajo
1122127,29,1,ProPyme,Pequeña,bajo
1768254,33,3,ProPyme,Pequeña,bajo
1050766,24,3,General,Mediana,medio
1514090,21,4,General,Micro,medio
1495440,22,0,General,Pequeña,medio
2042947,35,3,General,Mediana,alto
1737349,23,5,ProPyme,Mediana,alto
1487486,25,1,14D3,Micro,medio
1908883,36,5,ProPyme,Pequeña,medio
2195103,33,2,General,Pequeña,alto
1778905,33,4,14D3,Pequeña,bajo
1505176,32,1,14D3,Mediana,bajo
844081,38,4,ProPyme,Pequeña,bajo
967443,24,0,ProPyme,Pequeña,medio
1347387,25,3,ProPyme,Pequeña,alto
1195243,22,1,14D3,Pequeña,medio
1406514,39,2,14D3,Micro,medio
1528324,32,0,14D3,Micro,medio
1764846,29,0,General,Micro,bajo
1464750,41,4,General,Pequeña,bajo
1743250,37,0,ProPyme,Pequeña,bajo
1532237,26,1,14D3,Mediana,bajo
512266,26,4,ProPyme,Mediana,alto
1030332,32,0,14D3,Mediana,alto
1427956,26,2,ProPyme,Pequeña,alto
895152,32,5,General,Micro,medio
1799964,36,1,14D3,Micro,alto
2265375,32,2,General,Micro,medio
2109380,31,2,14D3,Pequeña,medio
1393278,26,4,ProPyme,Micro,medio
2245363,26,3,14D3,Mediana,medio
1574333,30,4,General,Mediana,medio
1331457,45,1,14D3,Micro,medio
1193298,27,1,ProPyme,Mediana,bajo
1348765,26,4,14D3,Micro,medio
1305911,28,3,General,Micro,medio
1585208,32,4,ProPyme,Mediana,bajo
1580286,36,1,General,Mediana,alto
1501523,20,3,14D3,Mediana,bajo
1718469,22,1,General,Mediana,bajo
2095323,40,3,14D3,Micro,bajo
1974777,36,3,ProPyme,Mediana,alto
757551,33,4,General,Mediana,medio
223039,24,4,General,Pequeña,medio
1967159,32,4,14D3,Mediana,alto
816560,28,3,General,Mediana,bajo
1387617,36,3,General,Micro,bajo
914943,35,1,ProPyme,Micro,bajo
599009,38,2,14D3,Pequeña,medio
1770731,32,4,14D3,Mediana,medio
1879577,29,5,ProPyme,Mediana,bajo
1211744,21,1,ProPyme,Mediana,bajo
204478,37,1,14D3,Mediana,bajo
1226877,25,0,ProPyme,Mediana,medio
1695902,27,4,ProPyme,Mediana,bajo
760544,28,1,ProPyme,Pequeña,bajo
1591679,23,0,14D3,Mediana,medio
1492345,29,5,ProPyme,Mediana,medio
1789645,34,5,General,Mediana,medio
1559790,34,4,General,Pequeña,medio
1013465,36,3,14D3,Mediana,medio
2098285,25,0,ProPyme,Pequeña,medio
1420735,32,3,General,Micro,alto
1486347,29,5,14D3,Mediana,bajo
1033366,37,5,General,Pequeña,medio
1278358,29,2,ProPyme,Micro,medio
1057598,25,2,14D3,Pequeña,bajo
1413526,30,2,General,Pequeña,medio
2355854,31,2,14D3,Micro,bajo
814049,35,1,General,Mediana,medio
693219,34,2,General,Mediana,medio
2235585,30,1,ProPyme,Pequeña,bajo
1395338,29,1,ProPyme,Micro,medio
1165463,39,4,General,Mediana,medio
2019952,42,1,14D3,Pequeña,medio
1197192,32,1,14D3,Micro,alto
2413004,23,2,ProPyme,Pequeña,bajo
1838962,22,1,General,Micro,medio
1256044,29,3,ProPyme,Mediana,alto
2578654,25,2,General,Mediana,bajo
1197142,28,0,General,Pequeña,medio
1871047,33,2,ProPyme,Mediana,alto
1649646,30,1,14D3,Mediana,medio
2150870,26,3,ProPyme,Micro,bajo
2280755,24,2,General,Mediana,medio
1516002,26,3,ProPyme,Micro,medio
1123291,35,0,14D3,Micro,alto
1729986,32,5,14D3,Pequeña,bajo
1161142,20,0,General,Micro,alto
2506693,28,5,ProPyme,Mediana,medio
1568267,33,4,14D3,Micro,bajo
1317339,25,5,ProPyme,Micro,medio
1592340,28,4,14D3,Pequeña,medio
826436,45,2,General,Mediana,bajo
1014192,27,4,General,Mediana,bajo
2100206,33,3,ProPyme,Mediana,alto
1171552,23,4,General,Micro,alto
976544,35,3,14D3,Mediana,bajo
1768326,27,5,General,Mediana,bajo
2092852,28,5,14D3,Micro,alto
1859476,28,5,14D3,Pequeña,medio
1998023,30,4,General,Pequeña,bajo
1121602,39,5,14D3,Micro,alto
789094,35,4,14D3,Pequeña,bajo
2250666,18,4,ProPyme,Pequeña,medio
1338660,31,1,ProPyme,Pequeña,medio
1374583,32,1,ProPyme,Mediana,medio
2164097,44,4,General,Pequeña,bajo
1778115,23,3,ProPyme,Mediana,medio
1727943,31,2,14D3,Pequeña,alto
2582501,33,0,General,Mediana,medio
1178240,29,1,General,Micro,medio
1963920,20,4,General,Micro,bajo
1528506,30,0,General,Pequeña,alto
1634296,30,1,14D3,Mediana,alto
2264234,32,2,14D3,Micro,alto
1753917,37,3,ProPyme,Micro,medio
1769148,30,4,General,Micro,alto
2036253,32,2,ProPyme,Micro,bajo
1317523,35,1,14D3,Pequeña,medio
1080395,29,4,General,Mediana,medio
977595,23,0,14D3,Micro,medio
516821,31,5,ProPyme,Pequeña,alto
2528103,29,3,14D3,Micro,medio
948395,37,1,General,Micro,bajo
1389373,21,3,General,Micro,bajo
1361593,37,4,ProPyme,Micro,bajo
1653703,34,5,General,Pequeña,medio
1907868,32,2,14D3,Mediana,bajo
1930236,35,3,14D3,Pequeña,bajo
1208461,32,0,14D3,Pequeña,medio
1416439,23,1,14D3,Pequeña,alto
1641289,31,0,ProPyme,Micro,alto
1375654,29,3,14D3,Mediana,alto
2303672,33,5,ProPyme,Micro,alto
1745487,22,2,14D3,Pequeña,bajo
1867438,30,2,ProPyme,Micro,alto
1831440,31,0,14D3,Mediana,medio
2086736,36,4,14D3,Mediana,medio
1590510,29,4,ProPyme,Micro,medio
851584,36,5,General,Pequeña,alto
1699843,28,2,General,Micro,medio
1174321,30,0,General,Pequeña,bajo
1235691,25,0,ProPyme,Mediana,medio
1793182,30,0,General,Micro,bajo
2119141,22,3,General,Mediana,alto
1510635,42,5,ProPyme,Pequeña,medio
1654416,24,4,General,Pequeña,medio
2351107,27,4,General,Micro,alto
1620376,27,3,General,Micro,medio
2800841,31,1,ProPyme,Micro,bajo
1782754,29,3,ProPyme,Mediana,bajo
619618,28,5,General,Pequeña,medio
1876670,25,0,General,Pequeña,alto
1690579,34,3,ProPyme,Mediana,alto
2144876,33,0,General,Micro,alto
1836590,29,5,ProPyme,Micro,bajo
1430772,27,5,General,Mediana,bajo
887850,25,2,ProPyme,Pequeña,bajo
1395488,25,0,14D3,Pequeña,alto
1074739,27,4,14D3,Pequeña,bajo
1209738,27,3,ProPyme,Pequeña,bajo
1794289,23,5,14D3,Mediana,medio
2334952,30,0,General,Pequeña,medio
1697335,40,1,ProPyme,Mediana,medio
902058,26,2,ProPyme,Micro,medio
1722301,26,1,General,Mediana,medio
2098315,18,5,General,Pequeña,medio
1195108,35,1,ProPyme,Micro,alto
1432991,30,1,General,Mediana,medio
1507344,23,2,ProPyme,Mediana,bajo
1107550,28,2,General,Mediana,bajo
1824140,31,2,ProPyme,Micro,bajo
1439525,28,2,General,Mediana,alto
1709766,32,1,General,Pequeña,bajo
1056253,29,4,14D3,Micro,alto
1281270,35,4,14D3,Micro,bajo
1861190,30,2,14D3,Mediana,alto
1313583,31,3,General,Pequeña,alto
2363481,18,0,ProPyme,Micro,medio
1300181,24,5,General,Mediana,medio
1612342,34,3,14D3,Pequeña,bajo
1966295,23,5,General,Mediana,medio
790817,23,3,14D3,Mediana,bajo
619595,26,3,14D3,Micro,medio
737171,26,4,ProPyme,Micro,alto
2131292,18,0,ProPyme,Mediana,bajo
1224070,30,3,14D3,Micro,alto
2779099,31,2,14D3,Micro,medio
1217876,25,5,General,Pequeña,medio
1592275,31,4,14D3,Pequeña,alto
2271054,35,5,General,Mediana,medio
2503046,23,2,14D3,Mediana,medio
2530751,33,2,ProPyme,Mediana,medio
2104183,33,3,ProPyme,Mediana,alto
2012031,25,2,14D3,Pequeña,bajo
1796263,33,0,General,Micro,medio
1889180,39,2,General,Pequeña,medio
1224407,26,3,General,Mediana,bajo
1090900,28,5,14D3,Mediana,bajo
1498312,30,2,14D3,Pequeña,bajo
1414907,28,4,ProPyme,Pequeña,medio
1273385,23,4,ProPyme,Mediana,alto
1848193,28,4,14D3,Micro,alto
1977652,35,5,ProPyme,Mediana,medio
1544203,24,1,General,Pequeña,bajo
2238765,22,4,General,Mediana,bajo
929155,35,4,14D3,Mediana,medio
1403170,31,1,General,Micro,medio
1141588,31,5,14D3,Mediana,bajo
566731,28,4,General,Mediana,medio
1458659,32,3,14D3,Mediana,alto
1439126,39,5,General,Pequeña,medio
2256724,31,4,General,Pequeña,alto
1815405,34,4,ProPyme,Micro,medio
987906,24,1,ProPyme,Mediana,bajo
2427046,34,3,ProPyme,Pequeña,bajo
2110516,29,5,ProPyme,Micro,alto
1791048,27,2,ProPyme,Mediana,medio
1386757,28,0,ProPyme,Micro,medio
1020280,32,3,14D3,Micro,bajo
1313896,36,2,14D3,Micro,medio
2044374,36,3,ProPyme,Micro,bajo
2442293,27,2,14D3,Micro,bajo
2271621,19,2,ProPyme,Micro,bajo
1255575,31,3,14D3,Micro,medio
940191,26,1,General,Mediana,bajo
1570443,36,3,14D3,Mediana,bajo
615780,36,3,14D3,Micro,medio
1661583,34,2,14D3,Mediana,medio
1426198,25,0,General,Micro,medio
1266981,37,2,ProPyme,Mediana,medio
702648,45,4,14D3,Pequeña,alto
1756800,23,3,14D3,Micro,bajo
1233649,42,5,General,Pequeña,bajo
915041,27,3,ProPyme,Micro,medio
63868,34,1,14D3,Micro,bajo
1486242,35,5,General,Pequeña,medio
2386125,30,2,ProPyme,Pequeña,medio
2330629,28,1,ProPyme,Pequeña,alto
1271451,28,3,14D3,Micro,alto
1198893,30,2,14D3,Pequeña,alto
1734387,28,2,14D3,Pequeña,bajo
1000807,33,4,14D3,Mediana,alto
1650895,34,4,General,Mediana,bajo
1883040,32,0,General,Pequeña,medio
2113466,32,4,14D3,Pequeña,medio
1449922,31,5,ProPyme,Pequeña,bajo
1398163,21,2,14D3,Pequeña,medio
1061008,42,4,ProPyme,Mediana,bajo
1086559,29,0,ProPyme,Micro,bajo
1386760,31,3,ProPyme,Pequeña,alto
1683682,25,5,General,Pequeña,bajo
1956792,24,4,ProPyme,Mediana,bajo
1098410,29,2,ProPyme,Pequeña,medio
2246344,26,3,General,Pequeña,alto
1364438,32,2,ProPyme,Mediana,bajo
1489316,29,3,ProPyme,Pequeña,medio
1126394,32,5,14D3,Pequeña,alto
287879,39,2,ProPyme,Mediana,bajo
1942022,31,4,ProPyme,Micro,bajo
1868421,41,4,ProPyme,Pequeña,alto
1359336,19,0,ProPyme,Pequeña,medio
1533495,25,3,ProPyme,Micro,alto
1757969,29,0,General,Mediana,bajo
718727,28,1,ProPyme,Micro,alto
1235473,30,4,ProPyme,Pequeña,alto
1897132,33,3,General,Micro,bajo
872855,25,5,General,Mediana,bajo
1646778,34,0,ProPyme,Pequeña,alto
821709,32,5,ProPyme,Mediana,medio
1733214,29,5,ProPyme,Mediana,medio
1482179,31,5,14D3,Micro,medio
692434,26,0,14D3,Micro,alto
2082369,21,1,ProPyme,Mediana,alto
1132704,34,0,General,Mediana,bajo
1094873,30,2,ProPyme,Pequeña,bajo
1600284,29,4,General,Mediana,alto
2074318,25,0,General,Mediana,alto
992089,27,0,General,Micro,medio
1530839,30,1,ProPyme,Mediana,alto
1714408,17,2,ProPyme,Mediana,medio
1846552,37,0,General,Micro,bajo
1588220,25,4,14D3,Pequeña,alto
1316486,28,4,14D3,Micro,medio
1086204,34,0,14D3,Micro,bajo
1543071,19,5,General,Mediana,bajo
963930,29,5,ProPyme,Mediana,alto
39324,26,2,General,Pequeña,alto
1718279,38,4,14D3,Mediana,bajo
1951967,35,5,ProPyme,Pequeña,bajo
318533,31,4,General,Pequeña,medio
995134,23,2,General,Pequeña,alto
1809577,26,2,14D3,Pequeña,medio
2528747,34,5,General,Mediana,medio
1510396,31,0,ProPyme,Micro,medio
1135998,19,3,14D3,Micro,bajo
1408551,29,1,14D3,Mediana,medio
2187438,39,3,ProPyme,Mediana,bajo
1177017,32,3,14D3,Pequeña,alto
1100403,26,4,General,Mediana,bajo
1258628,42,2,General,Micro,medio
1023335,36,4,14D3,Mediana,bajo
1561335,31,5,ProPyme,Mediana,medio
2312339,40,1,General,Pequeña,bajo
1661539,33,5,ProPyme,Pequeña,bajo
1373823,30,0,General,Pequeña,bajo
1354094,30,1,General,Pequeña,alto
718404,31,4,14D3,Micro,medio
1941554,32,4,14D3,Mediana,medio
1461081,24,5,ProPyme,Mediana,medio
1409760,42,4,14D3,Pequeña,medio
3096553,29,4,General,Micro,medio
1649376,32,3,General,Micro,alto
1124104,28,0,ProPyme,Mediana,medio
1286821,45,3,ProPyme,Pequeña,bajo
2074222,28,4,General,Mediana,alto
1556635,25,2,14D3,Mediana,bajo
780861,25,3,14D3,Micro,alto
1959614,30,4,ProPyme,Micro,bajo
1165927,21,4,ProPyme,Mediana,medio
2436648,37,0,General,Pequeña,bajo
2040024,36,5,General,Pequeña,alto
1276339,30,1,ProPyme,Mediana,medio
2140508,36,3,General,Mediana,bajo
1533927,25,3,ProPyme,Pequeña,bajo
1926386,35,3,ProPyme,Pequeña,medio
1742366,28,4,14D3,Pequeña,medio
1076821,31,0,ProPyme,Mediana,medio
1178225,40,4,General,Micro,bajo
2014980,20,4,14D3,Pequeña,medio
1332612,29,5,14D3,Pequeña,medio
1298175,24,2,General,Pequeña,bajo
1022438,46,0,General,Mediana,bajo
1711799,30,3,General,Micro,medio
2531262,31,1,ProPyme,Micro,alto
966233,23,3,14D3,Pequeña,bajo
1512109,27,4,ProPyme,Mediana,alto
2206110,31,0,ProPyme,Micro,bajo
1460179,34,0,ProPyme,Mediana,medio
1726185,28,0,ProPyme,Micro,medio
968803,25,2,14D3,Pequeña,bajo
1714153,24,3,14D3,Mediana,medio
1406427,23,2,ProPyme,Pequeña,alto
1992864,33,5,General,Micro,alto
2093693,28,1,14D3,Micro,bajo
2794781,31,5,ProPyme,Pequeña,bajo
1789816,20,4,General,Micro,alto
1662898,39,2,General,Pequeña,bajo
1597192,28,2,ProPyme,Pequeña,medio
1323416,34,5,14D3,Pequeña,bajo
1669241,33,4,General,Micro,medio
1352299,29,0,14D3,Mediana,bajo
1584230,24,4,14D3,Pequeña,alto
2158798,29,3,General,Mediana,alto
996728,28,5,ProPyme,Micro,bajo
2069939,34,4,General,Micro,alto
2158557,22,0,General,Mediana,medio
1440965,39,4,14D3,Pequeña,bajo
439072,30,2,ProPyme,Micro,alto
1196089,28,1,14D3,Pequeña,medio
2148497,30,2,General,Pequeña,bajo
1488565,23,1,ProPyme,Mediana,bajo
1000348,41,4,ProPyme,Micro,alto
1247612,37,3,ProPyme,Mediana,alto
1920310,26,4,ProPyme,Micro,alto
1773366,22,0,ProPyme,Mediana,bajo
1380533,25,4,General,Micro,alto
1316587,30,1,General,Micro,bajo
1304120,22,2,General,Micro,alto
1038794,30,3,14D3,Pequeña,bajo
2307687,36,4,ProPyme,Pequeña,medio
1338839,35,4,ProPyme,Mediana,medio
2108579,31,2,General,Mediana,alto
2260658,28,3,ProPyme,Micro,alto
1999155,33,5,14D3,Micro,medio
1284189,32,4,ProPyme,Pequeña,medio
1701865,39,4,ProPyme,Pequeña,alto
1487902,21,5,14D3,Pequeña,bajo
1048149,34,1,General,Mediana,alto
1662179,30,1,General,Pequeña,alto
910480,26,0,ProPyme,Mediana,bajo
2093839,33,2,14D3,Pequeña,bajo
1267691,27,3,General,Pequeña,bajo
1600579,25,4,General,Micro,bajo
1641643,26,4,General,Mediana,medio
1370547,23,0,ProPyme,Pequeña,medio
1793346,31,4,14D3,Micro,medio
1262548,27,2,ProPyme,Mediana,bajo
1935648,38,0,General,Mediana,medio
827010,27,2,14D3,Pequeña,medio
1563189,23,0,ProPyme,Mediana,alto
2469464,27,4,General,Micro,bajo
999834,26,0,General,Micro,medio
1161127,23,1,ProPyme,Mediana,alto
1756953,32,3,General,Micro,medio
1589790,31,4,General,Mediana,medio
1675315,33,5,14D3,Micro,bajo
1744593,37,3,General,Mediana,alto
1817360,33,4,ProPyme,Mediana,medio
2054849,28,3,14D3,Mediana,alto
1704909,31,1,ProPyme,Micro,alto
1379371,35,3,General,Mediana,medio
1836286,33,0,14D3,Mediana,medio
2449940,31,3,14D3,Pequeña,bajo
1433683,33,4,14D3,Pequeña,bajo
1012735,35,5,14D3,Mediana,medio
2053540,31,5,ProPyme,Pequeña,medio
1439809,28,2,General,Mediana,medio
413665,29,3,General,Pequeña,alto
1923710,40,5,14D3,Micro,bajo
1232335,21,3,General,Micro,medio
1454733,33,5,ProPyme,Mediana,medio
1665990,37,3,General,Mediana,bajo
1595249,21,4,ProPyme,Micro,alto
1854725,25,3,ProPyme,Micro,medio
1282256,35,4,General,Pequeña,medio
1756552,36,4,ProPyme,Mediana,medio
1370226,31,2,ProPyme,Micro,bajo
1869405,27,5,ProPyme,Micro,medio
1807683,29,0,ProPyme,Mediana,medio
1032280,40,4,14D3,Pequeña,alto
2042991,24,5,General,Pequeña,alto
1232018,41,1,14D3,Pequeña,bajo
1904028,24,3,ProPyme,Pequeña,medio
1683643,31,1,General,Micro,bajo
2419091,33,3,ProPyme,Mediana,bajo
1388267,26,2,General,Mediana,medio
1325341,27,4,14D3,Micro,medio
1490290,36,0,General,Micro,bajo
1348410,26,4,ProPyme,Micro,medio
1899970,24,3,General,Mediana,medio
691844,38,0,General,Mediana,bajo
973158,32,4,14D3,Mediana,alto
966098,29,0,ProPyme,Pequeña,bajo
1975153,34,3,General,Micro,medio
2355306,28,2,14D3,Micro,alto
1447775,30,2,General,Micro,medio
1415589,41,4,ProPyme,Mediana,alto
1535026,37,1,General,Micro,bajo
2080939,36,3,General,Micro,medio
1036323,28,4,General,Pequeña,medio
1619184,29,4,General,Mediana,medio
1987598,44,2,ProPyme,Micro,alto
1750547,21,0,14D3,Mediana,medio
1594790,19,3,14D3,Mediana,alto
2000523,25,0,General,Mediana,bajo
148383,29,5,ProPyme,Pequeña,medio
1838937,34,5,ProPyme,Mediana,medio
1172962,27,3,ProPyme,Mediana,medio
584683,35,1,ProPyme,Mediana,alto
1755601,30,5,ProPyme,Micro,bajo
2186829,37,2,ProPyme,Pequeña,medio
1431275,30,1,General,Micro,medio
1976437,25,4,14D3,Pequeña,alto
2306139,25,5,14D3,Pequeña,alto
2157457,33,2,General,Mediana,bajo
2319982,40,4,14D3,Mediana,bajo
1871063,30,1,ProPyme,Micro,medio
1537716,39,3,ProPyme,Pequeña,medio
699017,28,4,14D3,Mediana,alto
1376968,39,0,ProPyme,Mediana,medio
1078376,22,3,ProPyme,Mediana,bajo
2585471,39,3,14D3,Mediana,medio
1412057,29,1,General,Micro,medio
1561602,32,1,14D3,Micro,alto
1775742,39,2,14D3,Mediana,bajo
1521801,32,2,14D3,Mediana,bajo
2347525,39,0,14D3,Mediana,alto
1188675,43,3,General,Mediana,bajo
1597303,30,0,General,Mediana,medio
1128764,28,0,ProPyme,Pequeña,medio
839988,30,1,ProPyme,Pequeña,medio
1194115,32,0,14D3,Pequeña,bajo
1481481,37,0,ProPyme,Pequeña,bajo
1285348,24,4,General,Mediana,medio
1153789,35,2,ProPyme,Pequeña,bajo
796841,35,2,ProPyme,Pequeña,medio
1458447,27,3,ProPyme,Micro,bajo
747639,25,2,14D3,Pequeña,medio
1880027,23,5,ProPyme,Pequeña,alto
1541219,29,3,General,Mediana,bajo
771224,40,4,General,Pequeña,bajo
1345395,30,2,General,Pequeña,alto
1123921,35,4,General,Mediana,medio
1659587,27,2,ProPyme,Pequeña,bajo
2170225,25,2,14D3,Mediana,medio
562413,26,4,General,Pequeña,bajo
1557513,25,0,General,Micro,bajo
1419933,37,0,14D3,Micro,alto
1835670,29,0,14D3,Pequeña,alto
1606598,25,5,General,Micro,medio
1124015,26,0,General,Mediana,bajo
1340473,28,2,14D3,Pequeña,bajo
1101987,32,1,General,Mediana,alto
2038003,40,4,General,Micro,bajo
1510655,25,1,ProPyme,Mediana,medio
2450595,32,5,14D3,Micro,bajo
1469669,28,1,ProPyme,Micro,medio
1145796,33,3,ProPyme,Micro,bajo
743142,27,0,14D3,Mediana,bajo
598430,29,5,ProPyme,Micro,alto
707932,42,2,General,Pequeña,medio
1633563,27,0,ProPyme,Micro,bajo
1754362,30,0,14D3,Pequeña,medio
709404,33,1,General,Pequeña,bajo
1947519,31,3,General,Pequeña,medio
1258469,23,0,General,Pequeña,medio
1573396,38,4,General,Mediana,bajo
2306110,34,4,ProPyme,Pequeña,medio
1948419,29,0,ProPyme,Micro,medio
1365734,36,1,General,Pequeña,alto
1054403,31,1,14D3,Micro,medio
424092,30,2,General,Mediana,bajo
1140423,43,5,ProPyme,Pequeña,bajo
1394434,27,5,General,Micro,medio
1006410,36,5,ProPyme,Mediana,bajo
1434371,33,3,General,Mediana,medio
1538425,25,1,14D3,Micro,medio
1387572,19,2,General,Pequeña,bajo
1174998,31,4,14D3,Mediana,bajo
1584327,34,5,14D3,Micro,medio
1720970,35,4,General,Pequeña,bajo
954800,24,4,14D3,Mediana,alto
2205466,40,0,14D3,Micro,medio
1450705,36,3,ProPyme,Mediana,alto
1509424,29,2,ProPyme,Mediana,alto
1854107,24,3,14D3,Micro,alto
1616608,42,0,General,Mediana,bajo
1976568,25,2,14D3,Micro,alto
1643562,40,2,General,Pequeña,bajo
1193781,27,1,ProPyme,Micro,bajo
1680751,16,3,General,Pequeña,medio
928136,36,3,14D3,Mediana,bajo
1554279,27,1,14D3,Micro,bajo
1483385,30,4,14D3,Micro,bajo
1395941,25,0,14D3,Micro,bajo
1435731,26,3,14D3,Micro,medio
559075,26,1,General,Pequeña,bajo
1225637,30,2,14D3,Pequeña,medio
1546422,25,5,ProPyme,Mediana,alto
1579928,28,1,14D3,Mediana,medio
986162,31,5,General,Mediana,medio
2132853,32,4,14D3,Mediana,alto
1066912,28,0,14D3,Micro,bajo
1984728,33,5,General,Pequeña,medio
1713597,31,4,14D3,Pequeña,alto
1176886,29,5,General,Pequeña,alto
2387655,26,2,14D3,Pequeña,medio
903181,31,2,ProPyme,Mediana,bajo
1959577,35,2,14D3,Micro,alto
2000291,32,2,General,Pequeña,bajo
1164689,40,1,ProPyme,Micro,medio
2196232,34,2,General,Micro,medio
1374976,25,2,14D3,Micro,medio
1644346,37,1,ProPyme,Micro,alto
1630160,40,2,General,Pequeña,alto
1432845,30,4,ProPyme,Pequeña,medio
1905404,35,4,ProPyme,Pequeña,bajo
1896744,41,3,General,Mediana,medio
625734,33,4,ProPyme,Pequeña,medio
2152170,23,0,General,Mediana,medio
668754,23,0,ProPyme,Mediana,alto
2016273,28,0,ProPyme,Mediana,alto
2063352,32,1,ProPyme,Pequeña,medio
954516,30,4,14D3,Pequeña,bajo
1294592,31,0,14D3,Pequeña,medio
947147,31,3,General,Mediana,alto
1392539,27,1,ProPyme,Mediana,medio
1345982,29,3,General,Micro,alto
1889830,32,4,14D3,Mediana,bajo
2155154,32,2,14D3,Mediana,medio
2197841,27,3,14D3,Pequeña,medio
1218915,33,2,14D3,Micro,medio
1395389,28,1,General,Micro,alto
658280,36,3,ProPyme,Micro,bajo
1097064,26,3,General,Pequeña,bajo
1982425,38,5,ProPyme,Micro,medio
2307791,28,1,14D3,Micro,bajo
882825,30,1,ProPyme,Pequeña,medio
1203767,35,0,14D3,Micro,bajo
1486797,33,4,General,Mediana,bajo
1640080,39,3,ProPyme,Mediana,medio
1095198,30,3,General,Mediana,medio
1712030,28,1,14D3,Mediana,bajo
1263080,20,1,General,Mediana,bajo
1492773,27,4,14D3,Mediana,bajo
1773142,26,1,14D3,Mediana,medio
1503211,33,2,14D3,Mediana,bajo
1281807,30,2,General,Mediana,medio
1445195,37,5,General,Pequeña,medio
1455818,33,2,ProPyme,Pequeña,medio
1314994,42,2,ProPyme,Mediana,bajo
1370601,35,4,General,Pequeña,medio
2299323,40,3,General,Pequeña,alto
1780459,34,2,General,Mediana,bajo
1352259,29,5,General,Mediana,bajo
1848477,35,1,14D3,Pequeña,medio
1333090,26,2,14D3,Mediana,bajo
2086562,30,5,14D3,Mediana,medio
1684821,27,4,General,Mediana,alto
1446348,34,1,14D3,Mediana,medio
1723858,32,5,14D3,Pequeña,medio
714561,34,2,ProPyme,Micro,medio
936616,37,3,ProPyme,Pequeña,bajo
903037,26,1,14D3,Micro,bajo
1571471,30,1,14D3,Micro,alto
2366257,28,3,14D3,Micro,alto
2615650,21,1,General,Pequeña,alto
1819025,25,2,ProPyme,Pequeña,alto
1750422,25,1,ProPyme,Pequeña,bajo
599471,35,2,ProPyme,Pequeña,bajo
1228663,31,3,14D3,Pequeña,medio
1106108,30,0,General,Micro,bajo
1189576,31,3,ProPyme,Pequeña,alto
1415928,30,2,ProPyme,Micro,alto
1263954,36,4,General,Pequeña,alto
510350,23,3,14D3,Pequeña,medio
1873955,28,4,14D3,Mediana,bajo
963628,30,4,ProPyme,Micro,bajo
1619623,40,2,ProPyme,Pequeña,medio
2537041,26,2,General,Pequeña,medio
1040307,28,0,ProPyme,Pequeña,medio
234856,29,5,General,Mediana,alto
1356997,26,1,ProPyme,Micro,alto
2050479,23,3,ProPyme,Pequeña,bajo
2479173,31,2,ProPyme,Pequeña,bajo
885225,42,3,14D3,Pequeña,medio
1748349,23,5,General,Mediana,bajo
1267344,37,5,General,Pequeña,alto
1447025,42,4,14D3,Micro,medio
2822171,27,1,14D3,Micro,bajo
748514,32,0,14D3,Micro,medio
1626869,33,3,General,Micro,medio
1733846,22,1,ProPyme,Pequeña,alto
2042893,26,0,14D3,Mediana,bajo
1548991,24,3,14D3,Mediana,alto
1654025,26,1,14D3,Mediana,medio
1304175,27,2,ProPyme,Pequeña,medio
1634563,18,3,ProPyme,Mediana,bajo
1328403,34,1,14D3,Micro,medio
1810785,26,5,ProPyme,Pequeña,medio
1315194,33,0,14D3,Mediana,medio
1688550,35,1,ProPyme,Micro,alto
1485368,24,2,General,Micro,medio
2063025,30,3,General,Pequeña,alto
1474303,32,3,ProPyme,Pequeña,bajo
613483,29,3,General,Mediana,alto
2130960,27,2,General,Mediana,bajo
1047133,34,0,General,Mediana,alto
1173116,31,3,14D3,Pequeña,alto
1202169,23,0,ProPyme,Mediana,bajo
2187219,25,1,ProPyme,Mediana,medio
432162,31,5,ProPyme,Micro,medio
3068874,34,5,General,Micro,bajo
2028028,22,0,14D3,Micro,medio
1611619,24,0,ProPyme,Mediana,medio
1472552,28,5,General,Pequeña,alto
1642777,23,3,14D3,Micro,alto
1760561,26,4,14D3,Pequeña,medio
1822607,36,4,ProPyme,Mediana,medio
1777802,35,2,ProPyme,Mediana,medio
1544790,27,5,General,Micro,medio
1401330,29,5,ProPyme,Pequeña,medio
1424363,26,2,General,Micro,medio
1402545,30,4,14D3,Mediana,alto
2066885,20,1,14D3,Pequeña,medio
1796778,25,3,14D3,Micro,medio
29805,24,3,14D3,Mediana,alto
1827950,25,1,ProPyme,Micro,medio
1597368,41,1,ProPyme,Pequeña,medio
1490645,27,4,General,Pequeña,medio
1305740,18,2,General,Pequeña,bajo
2062056,32,1,General,Pequeña,medio
1973763,41,2,General,Pequeña,medio
1113561,33,0,General,Micro,medio
1703526,30,3,14D3,Micro,medio
1014171,29,4,14D3,Micro,medio
810190,27,3,14D3,Micro,alto
1186641,30,4,General,Mediana,alto
1931196,24,0,14D3,Mediana,medio
1976562,25,3,14D3,Micro,alto
1756542,33,0,14D3,Mediana,medio
1862547,31,4,14D3,Mediana,alto
1758089,30,1,ProPyme,Pequeña,medio
1179259,30,3,General,Micro,bajo
1715961,33,0,General,Mediana,bajo
1900204,22,5,ProPyme,Mediana,medio
1877145,22,3,14D3,Micro,medio
2094456,30,3,14D3,Pequeña,medio
1854151,31,3,14D3,Micro,medio
1675724,29,2,General,Pequeña,bajo
2035075,33,0,General,Mediana,bajo
1486739,26,0,General,Pequeña,medio
1059062,32,3,General,Pequeña,bajo
1418466,36,1,General,Micro,medio
1127548,26,3,ProPyme,Mediana,medio
